Emp_ID,Name,Age,Department,Gender,City,Experience,Salary,Performance,Joining_Year
1001,Aarav A,42.0,IT,Female,Bangalore,3.0,63000.0,63.0,2023
1002,Ananya A,45.0,Operations,Male,Pune,3.0,89000.0,57.0,2023
1003,Rahul A,22.0,HR,Male,Pune,0.0,112000.0,56.0,2026
1004,Priya A,39.0,Operations,Female,Bangalore,6.0,92000.0,92.0,2020
1005,Kiran A,30.0,HR,Female,Chennai,0.0,70000.0,64.0,2026
1006,Meena A,28.0,IT,Male,Mumbai,5.0,47000.0,77.0,2021
1007,Arjun A,35.79381443298969,Operations,Female,Hyderabad,11.0,128000.0,84.0,2015
1008,Sneha A,39.0,Marketing,Male,Pune,3.0,72000.0,95.0,2023
1009,Vikram A,41.0,Operations,Male,Hyderabad,11.0,40000.0,97.0,2015
1010,Divya A,29.0,IT,Male,Hyderabad,4.0,83000.0,72.0,2022
1011,Rohit A,36.0,HR,Female,Chennai,11.0,61000.0,97.0,2015
1012,Kavya A,30.0,Operations,Male,Pune,1.0,128000.0,70.0,2025
1013,Manoj A,27.0,Operations,Female,Pune,3.0,63000.0,98.0,2023
1014,Pooja A,32.0,HR,Male,Chennai,0.0,86000.0,72.0,2026
1015,Suresh A,24.0,Operations,Female,Bangalore,1.0,118000.0,86.0,2025
1016,Neha A,34.0,Marketing,Male,Chennai,10.0,52000.0,70.0,2016
1017,Varun A,45.0,Operations,Female,Pune,17.0,89000.0,92.0,2009
1018,Ishita A,34.0,HR,Male,Pune,5.0,98000.0,60.0,2021
1019,Aditya A,46.0,IT,Male,Hyderabad,1.0,136000.0,98.0,2025
1020,Swathi A,35.0,IT,Female,Mumbai,9.0,111000.0,84.0,2017
1021,Aarav B,38.0,Operations,Male,Hyderabad,8.0,122000.0,89.0,2018
1022,Ananya B,46.0,Finance,Male,Chennai,8.0,90000.0,65.0,2018
1023,Rahul B,36.0,Finance,Male,Pune,0.0,151000.0,61.0,2026
1024,Priya B,49.0,Finance,Male,Bangalore,20.0,89000.0,65.0,2006
1025,Kiran B,39.0,IT,Female,Mumbai,16.0,37000.0,62.0,2010
1026,Meena B,33.0,Finance,Male,Hyderabad,12.0,65000.0,91.0,2014
1027,Arjun B,24.0,Marketing,Male,Pune,0.0,133000.0,63.0,2026
1028,Sneha B,35.79381443298969,Marketing,Male,Chennai,5.0,102000.0,93.0,2021
1029,Vikram B,35.0,Operations,Male,Chennai,3.0,86000.0,97.0,2023
1030,Divya B,42.0,Marketing,Female,Hyderabad,11.0,66000.0,69.0,2015
1031,Rohit B,24.0,IT,Male,Pune,2.0,63000.0,82.0,2024
1032,Kavya B,24.0,HR,Male,Hyderabad,0.0,145000.0,76.0,2026
1033,Manoj B,24.0,Finance,Female,Bangalore,1.0,104000.0,63.0,2025
1034,Pooja B,45.0,Operations,Female,Bangalore,18.0,135000.0,85.0,2008
1035,Suresh B,47.0,HR,Male,Hyderabad,13.0,119000.0,82.0,2013
1036,Neha B,33.0,Marketing,Female,Hyderabad,6.0,121000.0,96.0,2020
1037,Varun B,42.0,IT,Female,Chennai,3.0,137000.0,61.0,2023
1038,Ishita B,29.0,HR,Female,Bangalore,3.0,89000.0,66.0,2023
1039,Aditya B,30.0,HR,Male,Mumbai,7.0,138000.0,90.0,2019
1040,Swathi B,25.0,Operations,Male,Hyderabad,0.0,153000.0,70.0,2026
1041,Aarav C,27.0,Marketing,Female,Bangalore,3.0,145000.0,80.0,2023
1042,Ananya C,50.0,HR,Female,Hyderabad,1.0,84000.0,71.0,2025
1043,Rahul C,47.0,Marketing,Female,Mumbai,25.0,89000.0,90.0,2001
1044,Priya C,43.0,Marketing,Male,Bangalore,22.0,72000.0,68.0,2004
1045,Kiran C,23.0,Operations,Male,Chennai,2.0,42000.0,58.0,2024
1046,Meena C,40.0,Operations,Male,Hyderabad,15.0,157000.0,87.0,2011
1047,Arjun C,24.0,Operations,Male,Bangalore,1.0,86000.0,62.0,2025
1048,Sneha C,50.0,HR,Male,Pune,18.0,45000.0,81.0,2008
1049,Vikram C,43.0,Operations,Female,Chennai,18.0,61000.0,97.0,2008
1050,Divya C,44.0,HR,Female,Mumbai,10.0,51000.0,97.0,2016
1051,Rohit C,42.0,Marketing,Female,Hyderabad,9.0,36000.0,84.0,2017
1052,Kavya C,41.0,IT,Male,Pune,18.0,62000.0,87.0,2008
1053,Manoj C,30.0,Finance,Male,Bangalore,2.0,82000.0,73.0,2024
1054,Pooja C,27.0,Operations,Female,Pune,3.0,160000.0,96.0,2023
1055,Suresh C,38.0,Operations,Female,Hyderabad,0.0,155000.0,63.0,2026
1056,Neha C,30.0,IT,Male,Chennai,1.0,71000.0,93.0,2025
1057,Varun C,28.0,HR,Female,Pune,5.0,97000.0,71.0,2021
1058,Ishita C,50.0,IT,Male,Mumbai,29.0,141000.0,72.0,1997
1059,Aditya C,23.0,Finance,Male,Chennai,0.0,55000.0,83.0,2026
1060,Swathi C,39.0,Operations,Male,Hyderabad,13.0,44000.0,99.0,2013
1061,Aarav D,50.0,Operations,Male,Chennai,4.0,109000.0,90.0,2022
1062,Ananya D,26.0,HR,Male,Chennai,3.0,81000.0,57.0,2023
1063,Rahul D,50.0,HR,Male,Hyderabad,11.0,80000.0,90.0,2015
1064,Priya D,35.79381443298969,Marketing,Male,Bangalore,27.0,145000.0,65.0,1999
1065,Kiran D,47.0,HR,Female,Hyderabad,25.0,57000.0,76.0,2001
1066,Meena D,47.0,HR,Female,Bangalore,13.0,135000.0,99.0,2013
1067,Arjun D,25.0,IT,Female,Bangalore,3.0,60000.0,84.0,2023
1068,Sneha D,33.0,HR,Male,Hyderabad,4.0,119000.0,82.0,2022
1069,Vikram D,34.0,Finance,Male,Chennai,5.0,79000.0,96.0,2021
1070,Divya D,38.0,Operations,Female,Hyderabad,12.0,49000.0,71.0,2014
1071,Rohit D,27.0,Finance,Male,Hyderabad,4.0,111000.0,82.0,2022
1072,Kavya D,33.0,Finance,Female,Pune,6.0,160000.0,87.0,2015
1073,Manoj D,25.0,Operations,Male,Chennai,3.0,40000.0,82.0,2023
1074,Pooja D,22.0,Finance,Female,Hyderabad,0.0,156000.0,97.0,2026
1075,Suresh D,32.0,Finance,Male,Chennai,9.0,99000.0,74.0,2017
1076,Neha D,43.0,Finance,Female,Chennai,13.0,89000.0,63.0,2013
1077,Varun D,28.0,Marketing,Male,Pune,6.0,107000.0,74.0,2020
1078,Ishita D,34.0,IT,Female,Chennai,8.0,61000.0,82.0,2018
1079,Aditya D,47.0,Operations,Male,Mumbai,18.0,91000.0,83.0,2008
1080,Swathi D,43.0,Operations,Female,Bangalore,6.0,119000.0,60.0,2020
1081,Aarav E,31.0,Operations,Female,Hyderabad,8.0,139000.0,70.0,2018
1082,Ananya E,43.0,Operations,Male,Bangalore,9.0,38000.0,57.0,2017
1083,Rahul E,29.0,Operations,Male,Mumbai,7.0,88000.0,95.0,2019
1084,Priya E,40.0,Marketing,Female,Mumbai,6.0,66000.0,64.0,2020
1085,Kiran E,42.0,IT,Female,Bangalore,0.0,57000.0,99.0,2026
1086,Meena E,38.0,IT,Male,Hyderabad,14.0,93000.0,63.0,2012
1087,Arjun E,47.0,Operations,Female,Mumbai,14.0,113000.0,87.0,2012
1088,Sneha E,35.0,Operations,Female,Bangalore,13.0,130000.0,82.0,2013
1089,Vikram E,36.0,HR,Female,Pune,8.0,97000.0,95.0,2018
1090,Divya E,29.0,Marketing,Male,Chennai,4.0,65000.0,72.0,2022
1091,Rohit E,32.0,Operations,Male,Hyderabad,5.0,54000.0,69.0,2021
1092,Kavya E,34.0,HR,Male,Hyderabad,11.0,88000.0,81.0,2015
1093,Manoj E,32.0,Marketing,Female,Hyderabad,8.0,61000.0,81.0,2018
1094,Pooja E,34.0,Operations,Male,Pune,12.0,83000.0,85.0,2014
1095,Suresh E,22.0,Finance,Female,Mumbai,1.0,103000.0,89.0,2025
1096,Neha E,47.0,HR,Female,Bangalore,19.0,69000.0,82.0,2007
1097,Varun E,37.0,Marketing,Female,Mumbai,0.0,127000.0,65.0,2026
1098,Ishita E,48.0,HR,Male,Mumbai,14.0,89000.0,91.0,2012
1099,Aditya E,43.0,IT,Female,Bangalore,0.0,145000.0,84.0,2026
1100,Swathi E,27.0,Finance,Female,Chennai,0.0,62000.0,84.0,2026
